gauge_id,p_mean,pet_mean,aridity,frac_snow,moisture_index,seasonality,high_prec_freq,high_prec_dur,low_prec_freq,low_prec_dur
camelscl_1001002,2.628148401670198,4.046536381682532,1.5396909775380043,0.0,-0.4380218370242505,1.410256062340935,0.0405229652953658,1.1472868217054264,0.6396741734547197,8.557692307692308
camelscl_1001003,2.776217400232728,4.123647751386127,1.4853475635735316,0.0,-0.4270133622430999,1.435878533291782,0.0419604353480731,1.158790170132325,0.6339242932438908,8.123684210526315
camelscl_10100002,5.251967280443536,10.77613252104858,2.051827809585767,0.1393578893777365,-0.2564101062289068,1.6915092210717435,0.0445615716339242,1.3231707317073171,0.523855157779451,3.4881494986326342
camelscl_10100006,4.952634677253706,11.108356492572998,2.242918611298161,0.1388240577326913,-0.2869150488402623,1.678526931444194,0.0444246697241426,1.3353909465020577,0.5244027654185776,3.477530640036314
camelscl_10102001,6.802864672462077,7.22903689506464,1.062645994462848,0.0,-0.0074986849912848,1.7240745944095308,0.0448353754534875,1.3702928870292888,0.5229652953658703,3.5174953959484347
camelscl_10121001,4.806851940584546,4.163012526524747,0.8660579892998526,0.0,0.0510714378833637,1.7012750118874744,0.0529125881306044,1.319112627986348,0.5713601204736806,4.02653159671973
camelscl_10133000,6.894070778287255,3.662766103087138,0.5312922104923771,0.0,0.2474980874043699,1.5971065885430655,0.0477787665137928,1.3397312859884838,0.5541789307960846,3.8960538979788257
camelscl_10134001,6.365853925662193,3.832853035799825,0.6020956623507696,0.0,0.1916513365488251,1.6429356291347497,0.0499007461154083,1.347504621072089,0.5611609281949483,4.014691478942214
camelscl_10137001,5.477387227051752,4.125608186734195,0.7532073259963468,0.0,0.1037744767546949,1.688167828330524,0.051543569032788,1.318739054290718,0.5706071599698815,4.086274509803921
camelscl_10140001,4.905689643370498,4.6983564925731045,0.9577361867810816,0.0,0.0066208981274957,1.713657615242277,0.0540078034088575,1.34412265758092,0.5786159216921076,4.153808353808354
camelscl_10142003,5.291200629748755,5.687281812581251,1.074856579923582,0.0,-0.0336558435978617,1.708513704052303,0.0512697652132247,1.3327402135231317,0.5576699294955164,4.015278462296698
camelscl_1020002,2.494576630843992,4.232352659319609,1.6966216258859423,0.0079158648675979,-0.481290925806894,1.3557160105719306,0.0479156684235745,1.2522361359570662,0.6580874803203505,8.74
camelscl_1020003,2.479368197686341,4.202427955369977,1.6949592074672628,0.0,-0.4787135405283552,1.352393322290386,0.0454514340475049,1.2228360957642723,0.6531590115682113,8.901119402985074
camelscl_10304001,7.319995892942621,6.08346156478879,0.8310744505545417,0.0,0.105752510922837,1.6244109202858126,0.0381271818741871,1.2923433874709978,0.4777876651379287,3.2195571955719555
camelscl_10305001,7.990303237730098,4.20720788555001,0.5265392013764426,0.0,0.29241367727291,1.4899701429554275,0.040454514340475,1.2960526315789471,0.4907933465671846,3.296551724137931
camelscl_10306001,8.28389143678545,6.9229050585255685,0.835706878989712,0.0,0.1039207021743389,1.5791518987182045,0.03586830036279,1.278048780487805,0.4654664932575809,3.212092583845064
camelscl_10313001,5.057655554794961,4.449595454856576,0.8797743157179007,0.0,0.0598465334862604,1.6605072090976811,0.0459990416866315,1.282442748091603,0.5438428366075707,3.803255146002872
camelscl_10322003,8.564339790539979,8.734252857827343,1.019839599016733,0.0,0.0258614835358039,1.6426973032726384,0.0367581627763707,1.312958435207824,0.4634814155657471,3.2381635581061694
camelscl_10327001,6.832410158121609,3.9458594017386783,0.5775208616608416,0.0,0.2608039217271197,1.4859097830800996,0.0389485933328769,1.2450765864332605,0.4998973235676637,3.462778568041726
camelscl_10340001,8.715830652337486,3.743293175439805,0.4294820912377291,0.0,0.4262723333678206,1.3105794781688445,0.0327195564378123,1.2447916666666667,0.4558149086179752,3.1724630776560265
camelscl_10343001,8.59884044082406,3.225251557259237,0.3750798237803037,0.0,0.5025588146850242,1.1430485278150613,0.0310082825655417,1.2243243243243245,0.4461633239783695,3.1640776699029125
camelscl_10343002,7.241605859401655,3.22335683482786,0.4451163039539123,0.0,0.4133150475116318,1.2866738207272908,0.0306660277910876,1.2173913043478262,0.4622492983777124,3.245074483421432
camelscl_10344004,7.691779040317541,3.508794578684376,0.4561746457214301,0.0,0.3971998217847114,1.3345157932659677,0.0321034978437949,1.237467018469657,0.4618385926483674,3.232870148538572
camelscl_10351001,3.925925114655333,3.60741255390512,0.9188694253078804,0.0,0.0580636708778901,1.6171604518025458,0.0435348073105619,1.216061185468451,0.5401464850434664,3.618065107748739
camelscl_10362001,5.310492162365656,3.528922581970026,0.6645189323465648,0.0,0.1920923149402269,1.553864414624133,0.040454514340475,1.2338204592901878,0.5162571017865699,3.586305278174037
camelscl_10363002,4.557690464781968,3.508010130741327,0.7696902977172989,0.0,0.1328165921857703,1.5661411245664845,0.0403176124306934,1.2245322245322243,0.5153672393729892,3.526463700234192
camelscl_10401001,4.679987678828111,6.995473338353034,1.4947631956383125,0.0,-0.1971709405280868,1.5389490550562923,0.0452460811828325,1.2785299806576402,0.5444588952015881,3.818530964954393
camelscl_10405001,4.936217400232725,5.321056198233976,1.0779622870708867,0.0,-0.0190980453461058,1.6252890879380102,0.0427818468067629,1.232741617357002,0.5174207680197139,3.575685903500473
camelscl_10405002,5.024688205900473,4.2026401533301465,0.8363981964880929,0.0,0.0840148268641786,1.6296713238997895,0.0444246697241426,1.2409177820267687,0.5216647272229448,3.6050141911069065
camelscl_1041002,1.535430898761037,4.138648093640896,2.6954310330607747,0.0,-0.655867638836002,1.0966669880495312,0.0725580121842699,2.0502901353965184,0.7473475254979807,12.799531066822976
camelscl_10411002,7.133497843794816,4.134176877267455,0.5795441405878651,0.0,0.3010182562598611,1.3309482936080357,0.02669587240742,1.181818181818182,0.4380176603463618,3.1615612648221343
camelscl_10432002,9.782285577383735,5.778138818536496,0.5906737002133047,0.0,0.3028669516145119,1.3428563837352454,0.0245738928058046,1.180921052631579,0.4179615305633513,3.0683417085427136
camelscl_10432003,9.07366691765342,3.702223971524397,0.4080185006925341,0.0,0.4827373386229245,1.118169736632642,0.0238893832568964,1.1911262798634812,0.4248066260524334,3.1107769423558898
camelscl_1044001,1.4361708535834077,4.04941405982613,2.819590753929024,0.0,-0.6798697167768225,1.0941680561454867,0.0761859127934834,2.195266272189349,0.7821890615374084,13.969437652811736
camelscl_1050002,1.4514833321924878,4.06527003901706,2.800769357011084,0.0,-0.6675368388128177,1.1087879776356748,0.0764597166130467,2.135755258126195,0.7630912451228694,13.762962962962964
camelscl_1050004,1.3856855363132323,4.07809500992538,2.9430162205312445,0.0,-0.6807715018321407,1.0634627676186337,0.0757067561092477,2.1944444444444446,0.7639126565815593,14.307692307692308
camelscl_10701002,8.061250598945762,6.799906222191798,0.8435299385285305,0.3596437669380071,0.1566641933171898,1.599199376486363,0.0290232048737079,1.1680440771349865,0.4023547128482442,2.946365914786968
camelscl_11020004,4.601036347457024,7.748159353823017,1.684003074243349,0.36657449984973,-0.1531396583766014,1.664135293413962,0.0414128277089465,1.2656903765690375,0.4843589568074474,3.235482395976223
camelscl_11130001,10.591976863577214,3.8376808816483,0.362319605780578,0.3126613332458516,0.5732211958557624,1.1285694801083532,0.0137586419330549,1.1166666666666667,0.3079608460538025,2.5303712035995503
camelscl_11141001,2.504644397289325,13.065137928674083,5.216364423953339,0.3497829457587193,-0.5914493667076924,1.2341894498288766,0.0434663563556711,1.19811320754717,0.5946334451365597,3.673150105708245
camelscl_11143002,4.198765144773764,8.794699842562807,2.094591990578382,0.341086834375904,-0.251865832403366,1.5772612998054345,0.0371004175508248,1.2125279642058169,0.4666986104456157,3.104735883424408
camelscl_11147002,8.730555137244101,4.738647409131367,0.542765876240394,0.3225161928717044,0.3904741351630913,1.412463415902265,0.0195085221438839,1.1585365853658536,0.3326031898144979,2.6321776814734563
camelscl_11151001,11.87362926962828,4.417409815866942,0.3720353495595736,0.0941473287747751,0.5786969677930069,0.9792045816696898,0.0110890546923129,1.1095890410958904,0.2811280717366007,2.4830713422007253
camelscl_11302001,3.3020213566979306,11.585858717229105,3.5087170752932773,0.3287661184178943,-0.4655972988005575,1.3878034819068144,0.0393592990622219,1.215644820295983,0.5215962762680539,3.2522407170294496
camelscl_11307001,4.970439455130387,7.996702032993385,1.6088521156292026,0.3123240565043831,-0.1291195906664779,1.5903306337262857,0.0325142035731398,1.1875,0.4267232527893764,2.907649253731343
camelscl_11310001,2.3220891231432472,13.12837292080221,5.65369037301689,0.3276842095774784,-0.6106300206685454,1.2061684924470468,0.0449722773632692,1.2077205882352942,0.6041481278663837,3.602448979591837
camelscl_11310002,2.6995482236977124,9.099086864261784,3.3705961554553334,0.4005343036522918,-0.399500261162619,1.5096803457441537,0.0429871996714354,1.1984732824427482,0.578479019782326,3.392613408269771
camelscl_11310003,2.8958197001847967,11.549014306249584,3.988167600873972,0.3218698106306546,-0.4827619027608048,1.4100668488049406,0.0410021219796016,1.20523138832998,0.5583544390444247,3.2970897332255458
camelscl_11312001,3.566659593401352,7.484290505852551,2.098403368714855,0.3927593038250532,-0.224083663762987,1.600304168250089,0.0381271818741871,1.1927194860813704,0.5168047094256965,3.1172584640792733
camelscl_11314001,3.690714627969052,10.720911082209584,2.904833389437414,0.3152582278170557,-0.3677932390815276,1.518563096306076,0.0379218290095146,1.2017353579175705,0.4929153261688,3.11461937716263
camelscl_11315001,5.706488466014054,7.484768978027211,1.3116243067175206,0.3085797177773677,-0.0330415494252472,1.5843394175272911,0.0284755972345814,1.1885714285714286,0.3893490314189883,2.778700537371764
camelscl_11316001,3.257756862208221,11.949896639058098,3.6681364339013447,0.3167056636777966,-0.4694725676244506,1.413010231406031,0.0390170442877678,1.2,0.5172838661099323,3.1939983093829247
camelscl_11335002,7.400325142035707,4.841141077418036,0.6541795102919381,0.3028080862747178,0.3080689818575303,1.4121672321101368,0.0209459921965911,1.120879120879121,0.3359572866041481,2.620395088093967
camelscl_11405001,11.868694640290265,5.1835354918201295,0.4367401512061616,0.1892963945837549,0.5270245978583363,1.0468516963937091,0.0098569375042781,1.0666666666666669,0.2723663495105756,2.4622524752475248
camelscl_11500002,10.06818399616669,2.315766308439997,0.2300083420527168,0.4666359732279867,0.7417152853748896,0.6565698558150942,0.0149223081661989,1.09,0.2907112054213156,2.4894490035169987
camelscl_11504001,3.97782462865356,5.0395283729208185,1.266905618870038,0.387075875268745,0.0173146202543628,1.625152023807229,0.0368266137312615,1.1746724890829694,0.4870969950030803,2.9514724180837826
camelscl_11514001,9.758822643575847,2.7445821069203906,0.2812411094208302,0.4618169266095911,0.6858816287961473,0.8047894748063683,0.0147854062564172,1.0693069306930694,0.2991991238277774,2.514959723820484
camelscl_11520002,3.024792251351895,3.637171606543896,1.202453360199632,0.4737846548156351,0.0812069406569491,1.6431648996538748,0.0327880073927031,1.1542168674698796,0.4938051885823807,2.958982772764561
camelscl_11532000,11.120373057704166,2.1419248408515283,0.1926126785258888,0.3480332807659346,0.7958336376341789,0.3637550701829501,0.0139639947977274,1.108695652173913,0.2896844410979533,2.41002277904328
camelscl_1201001,2.174554042028868,3.906394688205898,1.796411867769088,0.0,-0.4957517859383602,1.2882294110962362,0.0453829830926141,1.2974559686888454,0.6561708535834075,9.731979695431471
camelscl_1201003,2.1078766513792697,4.073472516941619,1.9325004213487444,0.0,-0.523963616403815,1.2474320029872548,0.0467520021904305,1.4847826086956522,0.6629474981175988,10.248677248677248
camelscl_1201005,2.069671435416515,4.273391744814849,2.0647681905871416,0.0,-0.5482495016764443,1.2187504921224732,0.051543569032788,1.5557851239669422,0.6767745910055445,10.418335089567966
camelscl_12280002,9.648344171401147,1.678437949209382,0.1739612434415921,0.3634217463708129,0.8338147722208723,0.2709957444687635,0.0101307413238414,1.072463768115942,0.2114449996577452,2.049767750497677
camelscl_12284002,3.2226004517762723,5.390965158463947,1.6728617894571725,0.3561951433666413,-0.0758392778881951,1.5339942736676062,0.0296392634677253,1.160857908847185,0.4345951126018208,2.522447357965832
camelscl_12284003,2.617384489013615,5.48569785748507,2.0958700872994034,0.2773796628672659,-0.1917021657859814,1.4209668535852154,0.0288863029639263,1.1467391304347827,0.4762817441303306,2.551521818848552
camelscl_12284005,2.6867164076938823,5.238151139708421,1.9496479511972529,0.2021327853071775,-0.1583627613445482,1.4371784942433,0.0290232048737079,1.1680440771349865,0.4768293517694572,2.619781872884543
camelscl_12284006,5.127253747689779,4.357862276678756,0.849940824294547,0.3646586674097797,0.2392297259633561,1.3078232970224897,0.0220412074748442,1.1418439716312057,0.326442603874324,2.279636711281071
camelscl_12285001,3.849697446779366,1.6089355876514333,0.4179381912200553,0.1999985356530162,0.6348748262137847,0.9065282098267108,0.025942911903621,1.1554878048780488,0.3835307002532685,2.3711383834109183
camelscl_12285003,4.043573139845303,2.0511198576220138,0.5072542987810243,0.205158357609783,0.543277966069038,1.0566132590859223,0.0260798138134026,1.1615853658536586,0.3766856047641864,2.394691035683203
camelscl_12287001,12.023028954753956,1.0691347799301834,0.0889239129302306,0.4378800514078502,0.9152465413277332,0.1212697225049197,0.0059552330755014,1.0481927710843373,0.1877609692655212,1.9677187948350072
camelscl_12288002,12.168711068519396,0.5597193510849529,0.0459966012779244,0.4300100028468336,0.956340459512636,0.0593459169435953,0.0046546649325758,1.0625,0.1800260113628585,1.951038575667656
camelscl_12288003,11.080672188377044,1.6790964473954433,0.1515338075930731,0.2118204294079606,0.856598674613687,0.2445302097328048,0.0063659388048463,1.0449438202247192,0.1932370456567869,1.9455547898001373
camelscl_12288004,11.816921760558516,0.8595845027038194,0.0727418290584664,0.3488348664364331,0.931134892624188,0.0953200078310103,0.0044493120679033,1.0483870967741935,0.1825586966938188,1.966814159292036
camelscl_12291001,5.295637620644772,2.078311999452408,0.3924573674282799,0.2075157259633988,0.6443598125496726,0.8049354280762128,0.0196454240536655,1.1254901960784314,0.3080292970086932,2.217841301133564
camelscl_12400003,3.446011362858509,2.233999589294261,0.6482856131504834,0.1299065102574077,0.4168814076561383,1.088629211083204,0.0234786775275515,1.1245901639344262,0.3805873091929632,2.3893425010743448
camelscl_12400004,3.7778143610103134,2.249339448285302,0.5954076175632289,0.1297957037818808,0.4621148429703212,0.9995384539204004,0.0221781093846259,1.1289198606271778,0.3510849476350195,2.355994487827285
camelscl_12448001,4.685454856595257,3.887089465398062,0.8296077081879438,0.20110469764698,0.2457559795107648,1.0145345243804833,0.016017523444452,1.1142857142857143,0.281401875556164,2.165964172813488
camelscl_12452001,4.4401574371962464,2.1086665753987246,0.4749080646857084,0.1800358079669772,0.5920857025793633,0.7786315286172986,0.0143062495721815,1.1,0.3009103977000479,2.2134944612286
camelscl_12561001,3.039086864261752,2.3899274419878207,0.7863965555220733,0.1286342867512222,0.3040349289247868,1.1555273915008932,0.0154014648504346,1.0922330097087378,0.3616948456430967,2.3044047099869167
camelscl_12563001,4.211228010130741,1.7714963378739188,0.4206602761978972,0.190475755442372,0.6367076706199604,0.8016430163798045,0.010678348962968,1.0833333333333333,0.2790745430898761,2.141281512605042
camelscl_12582001,3.6989047847217447,3.7041789307960906,1.0014258669474625,0.1878874554569972,0.1404025931428026,1.0992928060512916,0.0104045451434047,1.0780141843971631,0.2953658703538914,2.135081642751113
camelscl_12600001,4.4241008967075,2.15098569375043,0.4861972509151485,0.1883819432338077,0.576330548824078,0.8354438353229878,0.0151276610308713,1.105,0.3133684714901772,2.283291770573566
camelscl_12622001,3.020751591484691,2.340235471284833,0.7747196021949668,0.187516493143427,0.3285783307260035,1.1740685874754575,0.018687110685194,1.105263157894737,0.3846943664864125,2.367312552653749
camelscl_12660001,1.4738058730919354,3.601971387500853,2.4439931019844447,0.0,-0.3467680114437576,1.212975332509382,0.0310767335204326,1.0939759036144578,0.6004517763022794,3.159942363112392
camelscl_12802001,1.611831063043325,3.400359367513167,2.109625162014741,0.0,-0.2741988502411828,1.250820707969469,0.02669587240742,1.086350974930362,0.5624614963378739,2.916932907348243
camelscl_12805001,1.9114751180778844,3.165528099116984,1.6560655533408846,0.0,-0.1468538426115535,1.2412802060820889,0.0201245807379012,1.0769230769230769,0.4926415223492367,2.6047774158523342
camelscl_12806001,2.016380998014921,3.164170032171968,1.569232221136292,0.0,-0.1373754678671141,1.1650173321705704,0.017934150181395,1.0826446280991735,0.4679307276336505,2.519719867305566
camelscl_12861001,1.386744472585397,3.942375248134721,2.84289955797314,0.0,-0.446991314618785,1.0912365779589122,0.0322403997535765,1.0778032036613272,0.6229036895064686,3.289949385394071
camelscl_12863002,1.6383078923950984,3.4579170374426784,2.1106637241351693,0.0,-0.2847791290329522,1.2131955089432664,0.0283386953247997,1.0753246753246752,0.5680060236840304,2.9540761836952654
camelscl_12865001,1.9703662126086592,3.1072263673078075,1.5769791155695907,0.1155140682739905,-0.1044988140405866,1.2749616739898686,0.0224519132041891,1.047923322683706,0.4992128140187555,2.6921373200442966
camelscl_12872001,2.097652816756793,2.968159353822992,1.4149907602022054,0.116750582545409,-0.0396196958522775,1.2821532475229969,0.0202614826476829,1.034965034965035,0.4770347046341296,2.606207928197457
camelscl_12878001,2.8789704976384383,2.0068409884317835,0.6970689661731354,0.1948977916610021,0.4045019063595734,1.2434607601546803,0.0131425833390375,1.054945054945055,0.4065302210965843,2.4073773814349413
camelscl_1300009,1.896829351769448,4.325538366760224,2.2804045934470416,0.0,-0.5877230723891819,1.2864639633282475,0.0628379765897734,2.0220264317180616,0.7058662468341433,14.049046321525886
camelscl_1310002,1.896875898418766,4.27303648435895,2.252670555791736,0.0,-0.5817528925515258,1.3316895640245825,0.0611267027175029,2.057603686635945,0.704839482510781,14.626420454545457
camelscl_1410004,1.7764877815045412,4.608145663631992,2.593964175610184,0.0,-0.6276617904885827,1.2354158348637343,0.0669450338832226,2.306603773584906,0.7150386747895133,14.6507713884993
camelscl_1502008,1.7908001916626637,4.533748374289841,2.531688568829387,0.0,-0.6230049479688295,1.2447187201867222,0.0670819357930043,2.2580645161290325,0.7079882264357588,14.091280653950951
camelscl_1610002,1.689812444383595,4.295787528236027,2.5421682403357098,0.0,-0.6291071632301154,1.22245858576,0.0676979943870217,2.2735632183908048,0.7209254569101239,14.232432432432432
camelscl_1610004,1.7894503388322265,3.991954959271682,2.2308274628491693,0.0,-0.5935064359221919,1.2452780329688704,0.0663289752892052,1.9938271604938271,0.7116845779998631,12.587167070217918
camelscl_1730001,1.401489492778424,4.315695803956471,3.0793636528809736,0.0,-0.6901291807371287,1.041483209976786,0.0745430898761037,2.098265895953757,0.7577520706413855,14.066073697585768
camelscl_1730002,1.2264727222944842,4.350162913272627,3.546889249305395,0.0,-0.7246851397380403,0.9791754235320288,0.0738585803271955,2.4411764705882355,0.7760284755972345,16.312230215827338
camelscl_1730003,1.4156615784790283,4.314771716065443,3.047883605558602,0.0,-0.6874305982535515,1.0500023935077674,0.0744061879663221,2.0744274809160306,0.7569306591826956,13.962121212121213
camelscl_1730007,1.301362858511881,4.2587678828119575,3.2725445135893096,0.0,-0.7037673870360558,1.0151109188627148,0.0735847765076322,2.277542372881356,0.7671298514614279,15.310109289617486
camelscl_1730012,1.20369703607366,4.367737011431304,3.6286016169637065,0.0,-0.7308777819078514,0.9619181752087604,0.0739270312820863,2.4942263279445727,0.7781504551988501,16.644216691068813
camelscl_2103001,1.0577041549729742,4.166064070093774,3.93878009319177,0.0207315372939239,-0.7739914002715036,0.7656378461978416,0.0776918338010815,2.539149888143177,0.812512834554042,16.062246278755076
camelscl_2103002,1.048336641796166,4.209805599288108,4.015700140057343,0.0206291129767385,-0.7779344638726159,0.7526382140656903,0.0772811280717366,2.5954022988505745,0.8138818536518584,16.17687074829932
camelscl_2103003,1.048211376548715,4.210314189882939,4.01666523000885,0.0206314959264107,-0.7779812166203836,0.7524490117887657,0.0772811280717366,2.5954022988505745,0.8139503046067492,16.178231292517008
camelscl_2103014,1.1055424738175224,3.861501129440744,3.492856421975979,0.0409911327355655,-0.743863054761222,0.8663531063213371,0.0780340885755356,2.146892655367232,0.8053254842905059,14.761606022584692
camelscl_2105001,0.9809090286809636,4.335197481004876,4.419571391685987,0.0257959703953968,-0.7960803694484073,0.736551062883766,0.0710520911766719,2.867403314917127,0.8288726127729482,17.0309423347398
camelscl_2105002,0.9359278526935564,4.475553425970316,4.781942767372382,0.0,-0.8106565397777713,0.7066804224936666,0.0689301115750564,2.9792899408284024,0.8393456088712438,18.356287425149706
camelscl_2105007,1.016971045246095,4.240937778082004,4.1701657071817095,0.024542326013775,-0.7849265878825316,0.7450789931289992,0.0745430898761037,2.763959390862944,0.8197686357724691,16.67966573816156
camelscl_2113001,1.335669792593606,4.484410295023612,3.357424357344922,0.0,-0.7241110779694012,0.9456773450274584,0.0787870490793346,2.5749440715883667,0.7795194742966665,16.971684053651266
camelscl_2510001,0.8596851256075181,4.603677185296737,5.355073675426724,0.0,-0.8281455775656964,0.6399976565612571,0.0653022109658429,2.789473684210526,0.8511876240673557,18.75565610859729
camelscl_3050001,0.7758765144773966,2.8503545759463456,3.673721942551961,0.6932286427272671,-0.3290423204516817,1.7415991607350545,0.0581833116571976,1.6932270916334662,0.8570059552330755,13.220696937697994
camelscl_3421001,0.9043336299541622,3.3911711958381803,3.749911629417196,0.366291641572609,-0.4665749723593135,1.5227807313883408,0.051132863303443,1.6310043668122272,0.842288999931549,11.510757717492984
camelscl_3802001,0.976470668765863,2.8930097884865424,2.9627206233884587,0.6590623088952429,-0.272158855950703,1.7675413446634014,0.0527756862208227,1.6163522012578615,0.8430419604353481,11.237226277372264
camelscl_4301002,1.121623656650047,2.290778971866669,2.0423775464120806,0.7883124917474127,-0.0606359438617515,1.847569236469691,0.0448353754534875,1.552132701421801,0.7895133137107263,7.613201320132013
camelscl_4302001,1.2789307960846277,2.3349305222808083,1.8256894973747315,0.6471220405763043,-0.0062362838236303,1.8146377911703533,0.0481894722431377,1.4636174636174637,0.7693202820179341,6.729940119760479
camelscl_4311001,1.4007036758162843,2.8648504346635684,2.045293722095808,0.5648200349702281,-0.1786689924012738,1.7035865798297878,0.0449038264083783,1.4610244988864145,0.7439249777534397,6.582677165354331
camelscl_4313001,1.3511280717366083,2.431217742487491,1.799398438493429,0.6555386618669242,-0.077740545696389,1.7839373435321004,0.0486686289273735,1.4659793814432989,0.7745225545896365,7.3
camelscl_4314001,1.317933465671852,2.7947641864604047,2.120565460439005,0.5811576622308948,-0.1910686792597691,1.713255132537009,0.0470258060099938,1.464818763326226,0.770552399205969,7.239228295819935
camelscl_4314002,1.3548921897460553,2.863370525018824,2.113356728077014,0.4663979157946295,-0.1988153093069766,1.6926447146110766,0.0471627079197754,1.4474789915966386,0.7637073037168869,7.04801010739103
camelscl_4400001,0.3556937504278549,4.848361968649478,13.630720142868707,0.0,-0.8716600526295099,0.4576432166084384,0.0295023615579437,1.486206896551724,0.9574235060579096,34.880299251870326
camelscl_4501001,1.9051091792730328,2.2400253268532966,1.1757989259744492,0.6057166650891871,0.1047498035846591,1.6919763096197515,0.0433979054007803,1.4813084112149533,0.6748579642686016,5.352334419109663
camelscl_4502001,1.4981607228420697,3.0992203436238155,2.0686834839352035,0.3684825806207265,-0.2558074947164349,1.5464612409500884,0.0416866315285098,1.4817518248175183,0.7196248887671983,6.213356973995272
camelscl_4503001,1.3225333698405126,3.536890273119314,2.674329702203156,0.0,-0.4030306302699098,1.4137154878865548,0.0421657882127455,1.4879227053140096,0.7486480936409063,6.759579728059332
camelscl_4511002,1.719992470394942,2.308448216852636,1.3421269317083542,0.7048473634647969,0.0290846974367705,1.8284167768096664,0.0486686289273735,1.5356371490280778,0.7432404682045315,6.398350029463759
camelscl_4512001,1.3098966390581313,3.114249435279628,2.3774772317294435,0.5085321021377786,-0.237466230550009,1.8144068614550788,0.0483263741529194,1.5516483516483517,0.8211376548702854,9.199386503067483
camelscl_4513001,1.416734889451705,2.957642549113579,2.0876471463607604,0.4683513562646366,-0.2067837956871896,1.7776844440664252,0.0480525703333561,1.5294117647058822,0.7888972551167088,7.745295698924731
camelscl_4514001,2.149142309535191,2.2745992196591103,1.0583753386489574,0.5732609514107073,0.1112918220447873,1.749558444475083,0.0502430008898624,1.4534653465346534,0.6893011157505647,5.532967032967033
camelscl_4515002,1.8060510644123244,2.807551509343549,1.5545249880612348,0.2699327749439061,-0.0990968895823089,1.7226412532430366,0.0497638442056266,1.477642276422764,0.7238688479704292,6.169778296382731
camelscl_4520001,2.4177493326031665,1.6940687247587114,0.7006800506215939,0.6263551848655784,0.3414815770628014,1.687765004431621,0.0490108837018276,1.4435483870967742,0.657882127455678,5.104089219330855
camelscl_4522001,2.1270935724552995,2.459151208159367,1.156108616942871,0.5557173948012922,0.0777799636812202,1.7120185099666627,0.0479841193784653,1.4573804573804574,0.6763638852761996,5.358459869848156
camelscl_4522002,1.7689896639058016,3.0298959545485737,1.7127833001911283,0.1353732023568979,-0.1551180601588582,1.641245218783137,0.0485317270175919,1.486373165618449,0.7138065576014785,6.069848661233993
camelscl_4530001,1.194348004654687,3.7814744335683774,3.1661412074462225,0.1828955289002674,-0.3984608715307078,1.6823347747818609,0.045793688821959,1.5204545454545455,0.8353070025326853,9.608661417322836
camelscl_4531001,1.1726579505784336,3.8813731261551214,3.309893668687079,0.1842192171011073,-0.4228180308586502,1.6442519491893093,0.0451776302279416,1.5277777777777777,0.8393456088712438,9.841091492776886
camelscl_4531002,1.079925388459203,4.349424327469379,4.027522988115849,0.0,-0.523772820360669,1.4614145048178695,0.0455883359572866,1.53810623556582,0.8528988979396263,10.806591500433653
camelscl_4532001,1.2440256006571528,4.026421384078308,3.236606531209135,0.1789593241339293,-0.4239149069333055,1.6158967533608255,0.0466835512355397,1.5155555555555555,0.8336641796153056,9.492595479345283
camelscl_4533002,1.1992929016360048,4.553078923950997,3.7964695011034872,0.0,-0.5211379203957612,1.4222696503082697,0.0461359435964131,1.5011135857461024,0.8440687247587104,10.115668580803938
camelscl_4535002,1.0483222670956718,4.918765144773763,4.692035358936879,0.0,-0.6014839928158235,1.266052027137415,0.0447669244985967,1.517401392111369,0.8636456978574851,11.596507352941176
camelscl_4556001,0.5267478951331593,6.064183722362956,11.512497303534472,0.0,-0.8453228297548935,0.5687727105528672,0.0355260455883359,1.4828571428571429,0.9416797864330207,26.25381679389313
camelscl_4557002,0.4818810322404249,5.836641111643473,12.112203471688831,0.0,-0.852153469479127,0.5533784765245519,0.0335409678965021,1.4848484848484849,0.9475665685536312,29.6423982869379
camelscl_4703001,1.6500150592100555,3.187529605037992,1.9318184929560709,0.5494779864080329,-0.1523131628532855,1.8020942696236133,0.0472311588746663,1.48068669527897,0.7539872681223903,6.363373772385904
camelscl_4703002,1.642610719419527,3.2407050448353982,1.9728989994541208,0.5500894412110644,-0.1635011365977674,1.796460058820443,0.0470942569648846,1.4795698924731182,0.7548086795810801,6.411046511627907
camelscl_4704001,1.637107262646298,3.749672804435632,2.290425856626207,0.4278736612110459,-0.2507134116826292,1.7055744434390712,0.0454514340475049,1.4279569892473118,0.7355055103018687,5.966129927817879
camelscl_4704002,1.690830310082807,3.6466972414265206,2.1567493909237565,0.4967760207539906,-0.2246406686515542,1.7041316849460668,0.0449722773632692,1.431372549019608,0.7233896912861935,5.76226826608506
camelscl_4712001,1.960225203641576,3.062288999931544,1.5622128489331872,0.4441672523000444,-0.0704109668889203,1.712609642771498,0.0444931206790334,1.3888888888888888,0.6732151413512218,5.151911995809324
camelscl_4714001,1.1297809569443966,4.574086522006994,4.048648982700204,0.0,-0.5398349865182803,1.4435702288398082,0.0499007461154083,1.51875,0.8715175576699294,12.795979899497487
camelscl_4721001,1.6591046615100198,3.2056362516257075,1.9321483002212323,0.5156502817976736,-0.163050702029977,1.7659878096007136,0.0459990416866315,1.4834437086092715,0.7539872681223903,6.591861160981448
camelscl_4723001,1.6976398110753486,3.4916435074269345,2.056763445724801,0.3053437413371039,-0.2279995722139075,1.68857613428405,0.0451091792730508,1.4295010845986984,0.7296187281812582,6.063139931740614
camelscl_4810001,1.0663296597987928,4.7651187624067175,4.468710701816035,0.0,-0.5778419405805173,1.3975033595226627,0.0473680607844479,1.5309734513274336,0.8917105893627216,15.676293622141998
camelscl_5100001,1.6672140461359353,3.510704360325819,2.105731035833401,0.1623665752883408,-0.2290809929464591,1.7687841458754234,0.051543569032788,1.4370229007633588,0.7755493189129988,7.116834170854271
camelscl_5110002,1.491920049284675,4.078015606817716,2.733400900921592,0.0,-0.3731112535987566,1.6481600949669073,0.0523649804914778,1.4796905222437138,0.8159353822985831,8.681718863801894
camelscl_5120001,1.2938469436648834,4.415719761790676,3.4128609905611698,0.0,-0.4760989859804694,1.518316459427372,0.0507221575740981,1.5030425963488845,0.850297761653775,10.973498233215548
camelscl_5200001,1.8960401122595465,3.532144568416706,1.862906035361975,0.0,-0.1934511390363358,1.733275162159946,0.050379902799644,1.4346978557504872,0.7342733931138339,6.098351335986356
camelscl_5221001,1.5403265110548128,4.428388664521874,2.8749675037984783,0.0,-0.416248789427943,1.5569811149709136,0.051543569032788,1.502994011976048,0.8145663632007667,8.86736214605067
camelscl_5221002,1.500529810390848,4.448567321514123,2.9646644076703743,0.0,-0.4282303419088285,1.5482562973092198,0.0509275104387706,1.5091277890466532,0.818262714764871,9.028700906344412
camelscl_5320001,0.9063002258882124,4.87412896159904,5.378051138431736,0.0,-0.6421387026257536,1.3308808756271633,0.04504072831816,1.540983606557377,0.9183380108152508,19.58540145985401
camelscl_5401003,2.741029502361555,1.7195783421178883,0.6273476227221824,0.8422524255778401,0.2714851464194848,1.7667928214240196,0.0471627079197754,1.613583138173302,0.6683551235539735,4.802754549926218
camelscl_5402001,2.5045944280922576,2.352801697583677,0.9393942872322842,0.7336854197246827,0.1196795136796607,1.7980244983839744,0.0457252378670682,1.5498839907192576,0.6686973783284277,4.735336888027145
camelscl_5402015,2.4704339790539858,2.431278663837374,0.9841504304310104,0.7279945490934322,0.1060865457870543,1.7957306810210258,0.045793688821959,1.5344036697247707,0.6684920254637552,4.670492587278814
camelscl_5403002,2.5608296255732537,2.15016496680128,0.8396360871996533,0.7384558637131152,0.1544079014430127,1.7924179108754656,0.0459990416866315,1.5849056603773586,0.6680128687795195,4.795577395577396
camelscl_5406001,2.4574673146690142,2.3338181942638005,0.9496843275728908,0.7386873236607916,0.1034561277703318,1.8017911837203653,0.045793688821959,1.5704225352112675,0.6727359846669861,4.8152866242038215
camelscl_5411001,1.7662009720035377,4.085163255527403,2.3129662593794684,0.0,-0.2885646442732283,1.7175517794984212,0.0505852556643165,1.4294003868471954,0.7559723458142241,6.30365296803653
camelscl_5411002,1.6290266274214331,4.621648983503338,2.837061657376891,0.0,-0.393662466415052,1.5954804420582342,0.0529810390854952,1.4280442804428044,0.7875966869737833,7.27307206068268
camelscl_5414001,2.207088780888465,2.810919296324171,1.27358687183967,0.4948655903683851,0.006734680923622,1.7326454342158328,0.0467520021904305,1.4318658280922432,0.6770483948251078,5.003034901365706
camelscl_5420002,1.4019070436032617,4.870403176124317,3.4741270459745524,0.0,-0.4934836533650206,1.501529953255849,0.05421315627353,1.494339622641509,0.8521459374358272,10.939367311072056
camelscl_5421001,1.334959271681856,4.946932028201804,3.705680115595874,0.0,-0.5243663122548332,1.4752367522551122,0.048873981792046,1.490605427974948,0.8636456978574851,11.970588235294118
camelscl_5421002,1.334959271681856,4.946932028201804,3.705680115595874,0.0,-0.5243663122548332,1.4752367522551122,0.048873981792046,1.490605427974948,0.8636456978574851,11.970588235294118
camelscl_5422001,1.4270490793346444,4.918546786227659,3.446655659888664,0.0,-0.4863543493088911,1.533962138383271,0.0522280785816962,1.4873294346978558,0.8550893284961325,11.274368231046932
camelscl_5423006,1.300195769731003,5.1381579848038985,3.951834104080288,0.0,-0.5389132730510077,1.5205255607196464,0.0503114518447532,1.5185950413223142,0.8878088849339448,14.507829977628637
camelscl_5427003,1.1513662810596577,5.084892874255565,4.41639898432295,0.0,-0.5784736153276365,1.4556804289720668,0.0482579231980286,1.5,0.8962968033404066,15.643966547192354
camelscl_5701001,3.942408789102622,1.5161174618385918,0.3845662748189269,0.9027832766837326,0.373791912847909,1.7589873200592507,0.0555137244164556,1.6551020408163266,0.6596618522828394,4.749630359783144
camelscl_5701002,3.899383256896429,1.8363036484358943,0.4709215605283778,0.8392508744274575,0.3058110755050078,1.7786899876001696,0.054966116777329,1.6288032454361054,0.6543911287562462,4.620589656839052
camelscl_5702001,3.461229379149829,1.7032965979875567,0.492107402141008,0.9008119068397068,0.3072928640368508,1.8101150893018456,0.0545554110479841,1.6331967213114753,0.6882059004723116,5.206628689798032
camelscl_5705001,2.882840030118408,1.4984940789924177,0.5197978602131695,0.848487305008021,0.3437579600570002,1.7355431994200663,0.0481210212882469,1.6235565819861433,0.6482989937709631,4.4174440298507465
camelscl_5706001,3.125470600314878,1.7946505578752836,0.5742017082785806,0.8213165396074775,0.3144808393223054,1.69224092499723,0.0457252378670682,1.6057692307692308,0.6105825176261209,4.058234758871701
camelscl_5707002,2.95971729755629,2.235031829694029,0.7551504434357285,0.7868439747383076,0.1817422678922808,1.7391844250610289,0.0473680607844479,1.616822429906542,0.6356355671161613,4.291127541589649
camelscl_5715001,2.1178301047299293,5.101695530152642,2.4089257767932346,0.0,-0.3417788594717414,1.6948964703658351,0.0535286467246218,1.4754716981132074,0.7737011431309466,6.788588588588588
camelscl_5716001,2.3079156684235294,5.119511944691603,2.218240473313565,0.0,-0.3069165098882312,1.709508947760994,0.0533917448148401,1.491395793499044,0.7502224656033951,6.237905520774047
camelscl_5720001,2.8054083099459057,3.567998494079,1.2718285895958577,0.4183353925377283,-0.0215409835588201,1.7236946996489122,0.0503114518447532,1.467065868263473,0.6365938804846327,4.231119199272065
camelscl_5721001,2.813357519337386,2.779970566089398,0.988132701578628,0.609291028579377,0.1025996693275813,1.7296294142333684,0.0482579231980286,1.4718162839248434,0.6220822780477787,4.097385031559964
camelscl_5721016,2.670147854062564,2.704674515709508,1.0129306179035789,0.6991606332310436,0.0943353320879282,1.749414933403925,0.0472311588746663,1.464968152866242,0.6383736053117941,4.323597589244321
camelscl_5722001,2.465162571017836,3.3111198576220007,1.3431649078847077,0.4024771949469763,-0.0448101669225617,1.7436550558721045,0.0497638442056266,1.4034749034749034,0.6682866725990828,4.720986460348162
camelscl_5722002,2.754652611403922,3.3033801081524925,1.1992002528656087,0.5146288029001855,0.0083444976705074,1.726950205002867,0.0492846875213909,1.4545454545454546,0.6359778218906154,4.273689052437902
camelscl_5730005,1.9922595660209224,5.078390718050511,2.549060777353134,0.0,-0.3598548924946012,1.6100951039447704,0.0542816072284208,1.4186046511627908,0.7593264426038743,6.397347174163783
camelscl_5734001,1.5899698815798362,5.200186186597305,3.2706193034488567,0.0,-0.4633681090767806,1.5183154643222072,0.0542816072284208,1.46309963099631,0.8227120268327743,9.030052592036062
camelscl_5741001,1.4062872202067225,5.200316243411598,3.697904786937592,0.0,-0.5165829150511639,1.5517919811879544,0.0519542747621329,1.5,0.8767882811965227,13.356621480709071
camelscl_5746001,1.3464220685878694,5.0277787665138085,3.7341773310258906,0.0,-0.5069145122813722,1.5965731816365965,0.051132863303443,1.515212981744422,0.8764460264220686,13.254658385093167
camelscl_6000003,4.359715244027639,1.471117804093378,0.3374343785660447,0.8254793290380925,0.3759002126068213,1.831805989032821,0.0596207817099048,1.6685823754789273,0.6778013553289068,5.1279129984464005
camelscl_6002001,4.602781162297182,1.363813402696994,0.2963020301439519,0.8267164701662008,0.400080587802069,1.803332068517504,0.0605790950783763,1.6604127579737336,0.673557396125676,5.028104241185488
camelscl_6003001,4.486384420562644,1.4464083783969002,0.3223995633917398,0.8192201959210681,0.3849514847132434,1.804213917625436,0.0600314874392497,1.6578449905482042,0.6672599082757205,4.920747097425543
camelscl_6006001,4.443165856663709,2.1228092271887045,0.4777695219288263,0.7814787999125438,0.3086662861575671,1.778462085712475,0.055719077281128,1.5929549902152642,0.6315969607776029,4.2540341171046565
camelscl_6011001,2.368455061948094,4.708041618180587,1.9878112503887424,0.0,-0.2747565662465878,1.7414396190483408,0.0574303511533985,1.477112676056338,0.7658292833185023,6.8849230769230765
camelscl_6013001,3.3604688890409897,4.079165582859885,1.213867980198441,0.5213146445844481,-0.0877632742609122,1.8450945998293875,0.0577041549729618,1.602661596958175,0.7192141830378533,5.624732334047109
camelscl_6015001,2.5545896365254,4.826791703744271,1.889458735262617,0.0,-0.2567812991596321,1.7898717617180973,0.0571565473338353,1.543438077634011,0.7693202820179341,7.073001887979862
camelscl_6018001,2.382390307344743,4.87501334793618,2.0462698042830576,0.0,-0.2911317033956219,1.781185042860744,0.0581148607023068,1.566420664206642,0.7873913341091108,7.59775429326288
camelscl_6025001,4.634945581490878,2.2794715586282543,0.4918011481582571,0.808814567939561,0.2594787638981986,1.802970011189928,0.0594154288452323,1.637735849056604,0.6589088917790403,4.686465433300876
camelscl_6027001,3.9962221917995615,5.3281709904853285,1.3333019874167629,0.0,-0.1010539285432412,1.8168127453699607,0.0601683893490314,1.5837837837837838,0.6780067081935793,4.834065397755002
camelscl_6028001,4.37727154493804,3.3026689027312046,0.7545040029674361,0.5988783661785501,0.0952548225547811,1.827412781583385,0.0587309192963241,1.618867924528302,0.6609624204257649,4.657983598649301
camelscl_6033001,2.716049010883685,4.937428982134279,1.8178718286559392,0.0,-0.257979816663819,1.7887283505255087,0.059552330755014,1.5480427046263343,0.7709631049353138,7.119469026548672
camelscl_6033011,2.985898418782919,4.985700595523297,1.6697488984087798,0.0,-0.2273624109907664,1.7977350697319432,0.0598945855294681,1.5625,0.7528920528441372,6.51985773562537
camelscl_6034022,2.71519200492845,4.938308576904631,1.8187695632356444,0.0,-0.2581502572048104,1.7886606849681788,0.059552330755014,1.5480427046263343,0.7709631049353138,7.119469026548672
camelscl_6043001,1.9805079060852488,5.273953727154489,2.662929903460572,0.0,-0.3855023862839137,1.699708301278795,0.0572249982887261,1.5172413793103448,0.8195632829077966,9.288595810705974
camelscl_6132001,1.921151345061219,6.029293586145573,3.138375121588062,0.0,-0.435349382725582,1.69531996436036,0.0618112122664111,1.6153846153846154,0.8502293106988843,11.261106074342702
camelscl_7102001,4.6441303306181,4.106560339516747,0.884247436477562,0.5948715242656746,0.0629918582393812,1.8364770230460337,0.0604421931685947,1.6054545454545457,0.6546649325758094,4.598076923076923
camelscl_7102005,4.665701280032836,2.9877520706414025,0.6403650579662433,0.5972073157759036,0.1938953159269449,1.835743754378346,0.0600999383941406,1.6110091743119266,0.6549387363953727,4.644660194174757
camelscl_7103001,4.769613252104856,5.55016154425353,1.1636502271550455,0.366637413681631,-0.0498790313604166,1.826131490107435,0.0611951536723937,1.6343692870201096,0.6574029707714423,4.733366190241498
camelscl_7104001,3.6981976863577137,4.590965158463976,1.2414060977323071,0.0,-0.106301602133941,1.8317436891161665,0.0607844479430488,1.5800711743772242,0.7015538366760217,5.189367088607595
camelscl_7104002,4.680191662673672,4.533569717297548,0.9686718074933788,0.4990610831450753,0.0257584117668119,1.834345694999444,0.0607844479430488,1.623400365630713,0.655965500718735,4.651941747572816
camelscl_7112001,4.697222260250504,4.6553336984050615,0.9910822695787854,0.60365408426359,-0.0023638790142465,1.8293383867685733,0.0607159969881579,1.6425925925925926,0.6566500102676432,4.784538653366584
camelscl_7115001,5.009019097816393,5.121394345951116,1.022434581689599,0.1612198577251521,-0.0215088377963193,1.814359045249334,0.061468957491957,1.6477064220183486,0.6500102676432337,4.694018783984182
camelscl_7116001,3.76342870833048,6.083543705934699,1.616489689965048,0.0,-0.2168033587071891,1.7941178028483658,0.0633855842288999,1.6360424028268552,0.7176398110753645,5.741511500547645
camelscl_7200002,1.9956136628105667,8.810669450338844,4.41501760312171,0.0,-0.5188814205666638,1.5775675220605416,0.0635224861386816,1.5675675675675675,0.8391402560065713,10.531786941580757
camelscl_7300001,3.478115545211859,2.2485002395783544,0.6464708289158904,0.7649375249290423,0.1978674011209269,1.873849696451113,0.0620850160859744,1.5801393728222997,0.7099048531727018,5.714049586776859
camelscl_7303000,3.839013621740017,5.422931069888421,1.4125844824250715,0.7626050785080379,-0.1087648082501192,1.852844193233408,0.0620165651310835,1.581151832460733,0.6909439386679445,5.352067868504772
camelscl_7306001,4.690295708125122,1.9064384968170407,0.4064644567110059,0.737046247801773,0.3373003511776073,1.817061593069499,0.0607159969881579,1.6068840579710144,0.6550071873502635,4.75596421471173
camelscl_7308001,4.732855773838029,8.348576220138254,1.7639616796030355,0.0,-0.2139580383408728,1.792249475847029,0.0650968581011705,1.585,0.6784174139229242,5.18086774699425
camelscl_7320003,4.8982722978985125,7.176520637962864,1.465112635947532,0.5014637490687436,-0.1531514324288392,1.7735325117933582,0.0627695256348826,1.5728987993138936,0.6576767745910056,4.840302267002519
camelscl_7330001,4.849828872612773,11.14002053528651,2.296992497651776,0.0,-0.3395346333227866,1.7004626311013649,0.0691354644397289,1.565891472868217,0.7155862824286399,5.922946175637394
camelscl_7331001,4.349472927647319,5.030055445273447,1.1564747106022943,0.0,-0.1263285762816141,1.822249586303009,0.068724758710384,1.5565891472868216,0.7372852351290301,6.418951132300357
camelscl_7332001,4.258084742282152,7.770872065165321,1.8249688617048203,0.0,-0.2726165431474201,1.755388793294236,0.0692039153946197,1.5553846153846154,0.7373536860839208,6.442583732057416
camelscl_7335001,3.769143678554322,7.204364432883827,1.9114061567552407,0.0,-0.2874524913401816,1.752227412084375,0.0696830720788555,1.5308270676691729,0.7490587993702512,6.6929663608562695
camelscl_7335002,2.6824724484906364,5.772519679649551,2.1519399697460493,0.0,-0.3285785437160245,1.7429547140947586,0.0693408173044013,1.502967359050445,0.7997809569443494,8.584864070536371
camelscl_7336001,2.174690943938633,6.990052707235314,3.2142740681006683,0.0,-0.448257634473635,1.615602695897262,0.0679033472516941,1.4962292609351433,0.8021082894106373,8.647970479704798
camelscl_7339001,2.152936545964778,6.819021835854608,3.167312036499829,0.0,-0.4397418276926985,1.6329491457738254,0.0673557396125675,1.502290076335878,0.8032719556437812,8.660516605166052
camelscl_7340001,2.3773406804024693,5.715840235471304,2.40430001580743,0.0,-0.3558179698478469,1.727320835165125,0.0692039153946197,1.4780701754385963,0.8071052091176671,8.898867924528302
camelscl_7341001,1.9931316311862264,8.232004928468728,4.13018628557382,0.0,-0.5090909745171807,1.5670058093200068,0.0647546033267164,1.5258064516129033,0.8238756930659182,9.636509207365894
camelscl_7343001,1.995527414607405,7.360967211992624,3.688732691973968,0.0,-0.4722784126675097,1.6194959961693498,0.0655075638305154,1.5238853503184713,0.8245602026148264,9.65224358974359
camelscl_7350001,4.918247655554767,13.067527551509338,2.6569478535206765,0.0,-0.3775686021727374,1.6704515974531962,0.0672188377027859,1.5889967637540454,0.7044287767814361,5.663731425426527
camelscl_7350002,4.770835101649657,8.475877198986934,1.7766024225100865,0.0,-0.265861233803957,1.75026636497735,0.0685194058457115,1.5763779527559054,0.7192141830378533,5.966496308915389
camelscl_7350003,5.010888493394464,14.902508042987268,2.97402507811385,0.0,-0.4091692120259293,1.640336585653721,0.0671503867478951,1.6029411764705883,0.6978574851119174,5.522751895991332
camelscl_7351001,4.686302279416788,11.59594359641314,2.474433552300911,0.0,-0.3571158850253099,1.6902993050096784,0.0671503867478951,1.5771704180064308,0.7126428913683346,5.871968415115624
camelscl_7354001,4.600720788554978,9.966574029707768,2.166307082686086,0.0,-0.3128414110971672,1.7327447331420909,0.0674241905674584,1.578525641025641,0.7189403792182901,6.050115207373272
camelscl_7354002,4.659210760490062,10.36320829625574,2.2242411491953464,0.0,-0.319885824804853,1.7270229883359818,0.0672188377027859,1.5864297253634896,0.7161338900677664,5.998853211009174
camelscl_7355001,4.30558902046684,9.036883428023826,2.098872740771712,0.0,-0.3008970728807097,1.753797519553769,0.0677664453419125,1.584,0.731193100143747,6.309509746012995
camelscl_7355002,4.443151481963175,10.616107878704904,2.3893193652749947,0.0,-0.3364497078658166,1.723362564777328,0.0674926415223492,1.5903225806451613,0.7232527893764118,6.139453805926787
camelscl_7358001,3.530639331918686,5.252355397357763,1.4876499420017024,0.0,-0.2149957519116422,1.8173561548774373,0.0689985625299473,1.567651632970451,0.776233828461907,7.646662171274444
camelscl_7372001,3.5640967896502067,7.206022315011269,2.021836874895447,0.0,-0.3033802474990081,1.7258195340264475,0.0642754466424806,1.586148648648649,0.7262646313916079,5.96067415730337
camelscl_7374001,3.9208179889109394,7.265318639195033,1.8530109430591224,0.0,-0.2742457929280427,1.7457502196366828,0.0655075638305154,1.5510534846029174,0.715928537203094,5.856103023516237
camelscl_7381001,2.040821411458663,6.402814018755603,3.137371052070272,0.0,-0.4195882946111198,1.7031968375091533,0.0668765829283318,1.5385826771653544,0.8343486891642138,10.26010101010101
camelscl_7400001,2.0322390307344507,10.167631596960772,5.003167168424175,0.0,-0.5946830497269108,1.3882960475227475,0.0664658771989869,1.5315457413249212,0.8212745567800671,9.6214915797915
camelscl_8104001,5.001091792730498,15.579853514956504,3.115290452697372,0.1675117444624018,-0.4012091637807724,1.6701095619939847,0.0657813676500787,1.5884297520661157,0.6868368813744952,5.286617492096944
camelscl_8105001,5.048108700116344,15.629689232664823,3.0961475200216286,0.1669050849253971,-0.4029896078539645,1.664074725280468,0.0655760147854062,1.5913621262458473,0.6833458826750634,5.28760593220339
camelscl_8106001,5.090360736532242,14.88266616469301,2.923695772263024,0.0,-0.3887261321830589,1.6749263170989437,0.0661236224245328,1.5862068965517242,0.6883428023820932,5.386181039100161
camelscl_8106002,5.0909124512286485,14.951701006229053,2.936939330516396,0.0,-0.3900499165106174,1.673712005731994,0.066055171469642,1.587171052631579,0.6881374495174207,5.384574183181575
camelscl_8112001,5.230182079539979,9.62358135395985,1.8400088577425384,0.0,-0.2770986658411564,1.7178147272700932,0.0680402491614758,1.5458786936236393,0.7068930111575057,5.708678828081813
camelscl_8114001,4.639893216510361,7.962558012184259,1.7161080310750896,0.0,-0.2587256214664216,1.7367706987881766,0.069477719214183,1.5449010654490107,0.730440139639948,6.171775592828224
camelscl_8117004,5.34249161475802,8.205244712163756,1.5358460628179014,0.0,-0.2082165817406945,1.748397619115547,0.0671503867478951,1.5473186119873816,0.6926552125402149,5.446178686759957
camelscl_8117005,4.112942022041203,6.866388527619955,1.6694591100052147,0.0,-0.2433693096723714,1.7477370707263082,0.0692039153946197,1.5157421289355322,0.7326305701964543,6.273739742086753
camelscl_8117006,5.376851256075017,8.199884317886248,1.525034621075232,0.0,-0.2023881529094798,1.7544408917513907,0.066808131973441,1.5492063492063493,0.689574919570128,5.3728
camelscl_8117008,3.878424259018405,6.975825176261212,1.7986235415170213,0.0,-0.2700976310623276,1.7301104002958618,0.0705729344924361,1.5161764705882352,0.7482373879115614,6.735058533579791
camelscl_8118001,3.227750701622276,5.489361352590888,1.7006769915136013,0.0,-0.2546744804656257,1.779733870528191,0.0696146211239646,1.5133928571428572,0.775480867958108,7.722563053851397
camelscl_8123001,4.967658292833169,7.360499007461171,1.481683838455666,0.0,-0.1990911116664163,1.7126734466527462,0.066055171469642,1.5054602184087365,0.6841672941337532,5.327825159914712
camelscl_8124001,4.549901430624955,6.564102265726595,1.44269109250241,0.0,-0.1918789020198995,1.7286934896240638,0.0662605243343144,1.505443234836703,0.6977890341570265,5.616528925619835
camelscl_8124002,4.843833253473868,7.060393592990585,1.457604591967954,0.0,-0.194593206295274,1.7176581192245943,0.066055171469642,1.5078125,0.6886850571565474,5.417878298330641
camelscl_8130001,5.479458552946791,9.458335272777058,1.726144140225401,0.0,-0.2325636922147593,1.7394305634171523,0.0658498186049695,1.5642276422764227,0.6782120610582517,5.171189979123174
camelscl_8130002,5.470747484427353,11.902891368334618,2.175734011159637,0.0,-0.317781976151359,1.6760391408544455,0.0657813676500787,1.56260162601626,0.6757478266821823,5.1203319502074685
camelscl_8132001,4.714646450817973,6.825955233075475,1.4478191109942502,0.0,-0.1920017895077755,1.7480276702301305,0.0682456020261482,1.5409582689335397,0.7015538366760217,5.659304251794588
camelscl_8134003,3.297273598466691,5.564808679581068,1.687700008324706,0.0,-0.2481342265621559,1.7611579036102816,0.0696146211239646,1.47178002894356,0.7582312273256212,7.220990873533246
camelscl_8144001,2.3741303306180974,5.407110000684493,2.2775118665354688,0.0,-0.3322642685670589,1.7425016139266187,0.0682456020261482,1.4512372634643378,0.7872544321993292,7.992355802640723
camelscl_8220001,2.683543021425132,6.246919707029904,2.3278627013448783,0.0,-0.3431435285236306,1.7071848164003862,0.0687932096652748,1.4977645305514158,0.7656923814087206,7.594025797691786
camelscl_8220009,2.699256622629868,6.329611198576271,2.344946066079991,0.0,-0.3439044466937342,1.7075809093409728,0.0691354644397289,1.5052160953800298,0.7661715380929564,7.603940217391305
camelscl_8220010,2.690792662057621,6.33125333698408,2.35293243744118,0.0,-0.3452568197434592,1.7060634972013666,0.0689301115750564,1.5029850746268656,0.765966185228284,7.601902173913044
camelscl_8304001,5.344279553699726,14.192792798959546,2.655698051785893,0.1516425657879553,-0.3544558274502034,1.6757371237417915,0.0558559791909097,1.5027624309392265,0.603258265452803,4.19267364414843
camelscl_8308000,4.64694777192143,14.948732288315416,3.216892683546212,0.4878664164447474,-0.4144014137777451,1.635830335963702,0.0581148607023068,1.521505376344086,0.6376890957628859,4.539961013645224
camelscl_8313000,5.756208501608574,11.776434389759697,2.0458665433103698,0.0,-0.2729225816601206,1.7043409271618342,0.0605106441234855,1.505962521294719,0.6268738448901362,4.439166262724188
camelscl_8316002,6.083615579437305,8.222919433226082,1.3516500715494992,0.0,-0.1403014529559158,1.7298067864044118,0.0613320555821753,1.4761120263591434,0.6348141556574715,4.639319659829915
camelscl_8317002,6.141770826202966,5.1893209665274895,0.8449225986075566,0.0,0.0274942187020804,1.7358518794601965,0.0630433294544458,1.4619047619047618,0.6444657402970771,4.818321392016377
camelscl_8323001,5.225369292901598,6.977973167225654,1.33540287319116,0.0,-0.145272032313775,1.7354066932695975,0.0634540351837908,1.5,0.6619891847491273,5.081975827640568
camelscl_8323002,5.606484358956776,7.784192620987085,1.3884267078264934,0.0,-0.1546366460312584,1.7299163343914143,0.0622903689506468,1.5091210613598671,0.6488466014100897,4.853558627752176
camelscl_8330001,5.330934355534233,7.069686494626577,1.326162736798153,0.0,-0.1547908117653511,1.726267000611999,0.0624957218153193,1.4377952755905512,0.6659593401327949,5.208244111349036
camelscl_8332001,5.829557806831371,6.069857622013825,1.0412209335845095,0.0,-0.0550118972674119,1.7368887250699188,0.0620850160859744,1.4581993569131833,0.6498049147785612,4.9186528497409325
camelscl_8342001,6.344313094667592,6.482553220617453,1.0217896128212924,0.0,-0.0400248252681623,1.7200968281547286,0.0601683893490314,1.4504950495049505,0.6183174755287836,4.451946771808773
camelscl_8343001,5.029135464439703,6.042967348894545,1.2015916834262077,0.0,-0.1134157785615095,1.7296875827440434,0.0620850160859744,1.4149765990639624,0.6584981860496953,5.036649214659686
camelscl_8351001,5.912485454172046,4.5203621055513485,0.7645451545866605,0.0,0.0760742838952296,1.7095549984070515,0.0589362721609966,1.4373956594323871,0.616263946882059,4.439349112426036
camelscl_8356001,3.037811622972136,4.764132384146767,1.5682777523530678,0.0,-0.1967340221383992,1.7316927579839068,0.0607159969881579,1.308259587020649,0.6843041960435348,5.337426588360918
camelscl_8362001,3.7646923129577647,6.797246218084704,1.80552503446009,0.0,-0.2538832336251603,1.7570972196320196,0.0636593880484632,1.4440993788819876,0.7034704634129646,5.741340782122905
camelscl_8372002,4.73062153467039,14.644084468478331,3.095594175343108,0.5091380537641859,-0.4080722351837413,1.6444722385350796,0.0638647409131357,1.6030927835051547,0.6730782394414402,4.941206030150754
camelscl_8376001,5.591504551988429,6.805245396673253,1.2170687394420878,0.0,-0.1056996652340661,1.7396846637039327,0.0633171332740091,1.5040650406504066,0.6504894243274694,4.804347826086956
camelscl_8385001,3.0214080361421014,5.794468478335257,1.917804020185884,0.0,-0.2819927545647004,1.749815660007492,0.0681771510712574,1.4777448071216617,0.7559038948593333,7.20822454308094
camelscl_8393002,2.8482599767266508,5.098853446505548,1.790164341797683,0.0,-0.2681625366707517,1.7641468341972426,0.0700253268533096,1.4719424460431654,0.7604901088370183,7.5016880486158
camelscl_8530001,3.7763987952632094,9.159347662399894,2.425418542630771,0.0,-0.3555849332875905,1.6830672384645748,0.0662605243343144,1.4711246200607904,0.7177767129851461,6.286570743405276
camelscl_8700002,3.847377643918132,11.27012115819016,2.929299434903609,0.0,-0.4125177740798769,1.626265146388544,0.0650968581011705,1.4496951219512195,0.7181189677596003,6.240928019036288
camelscl_8720001,3.662565541789295,11.231787938941723,3.0666448998082894,0.0,-0.453431139901876,1.5397979809556694,0.0643438975973714,1.446153846153846,0.710931617496064,6.045401629802096
camelscl_8821001,3.547596686973787,9.171622287630882,2.585305799080156,0.0,-0.3731399551519364,1.6368149637174008,0.0640700937778082,1.4181818181818182,0.6911492915326168,5.496461622210125
camelscl_8821002,3.4980429871996708,9.214059826134584,2.6340613479741206,0.0,-0.3795170718105147,1.6272511325365424,0.0640700937778082,1.4075187969924812,0.6894380176603464,5.444324324324325
camelscl_8821006,3.423707988226421,8.488674105003723,2.479380290081661,0.0,-0.3656714347330791,1.6381748462448886,0.0638647409131357,1.4093655589123868,0.6926552125402149,5.493485342019544
camelscl_8822001,3.3959839824765474,9.220008214114593,2.7149739991973783,0.0,-0.4106781233080109,1.586155935841662,0.0640700937778082,1.411764705882353,0.7004586213977685,5.774830699774267
camelscl_8910001,3.093226093503983,5.365388459169028,1.734560713307302,0.0,-0.2605157791658156,1.6807252627328446,0.062974878499555,1.3855421686746987,0.678485864877815,5.337641357027463
camelscl_9101001,3.247123690875473,5.065057156547325,1.5598596292405815,0.0,-0.207314077858069,1.7370582917300823,0.0634540351837908,1.4045454545454543,0.6895064686152372,5.403969957081545
camelscl_9101002,3.251692107604883,5.085868984872344,1.5640684347013627,0.0,-0.2083361284533236,1.73649385794752,0.0633171332740091,1.4036418816388467,0.6894380176603464,5.41505376344086
camelscl_9102001,3.070185502087732,4.494554726538437,1.4639358838357268,0.0,-0.18015007284231,1.7514171960483265,0.0626326237251009,1.3718140929535232,0.6905332329385995,5.394652406417112
camelscl_9104002,4.828611130125241,4.564482853035805,0.9452993272865636,0.0,-0.0120369001806385,1.7188061837504165,0.0600999383941406,1.389240506329114,0.6462454651242385,4.782674772036474
camelscl_9106001,5.248839071805018,4.080738585803255,0.7774554582409656,0.0,0.070392480351263,1.6880060310452771,0.05838866452187,1.3824959481361423,0.6305701964542405,4.540167570231641
camelscl_9107001,4.35542952974194,4.185516462454664,0.9609882180099596,0.0,-0.0121755847281529,1.7096317226625717,0.0585255664316517,1.346456692913386,0.6437127797932781,4.793068297655454
camelscl_9111001,4.860413443767518,4.061501813950323,0.8356288741564495,0.0,0.0453468081406421,1.6831224345940066,0.0571565473338353,1.3577235772357723,0.6304332945444588,4.579811039283938
camelscl_9113001,3.726842357450864,4.22936956670547,1.1348399425186129,0.0,-0.0757442410633334,1.7062148781688329,0.0579095078376343,1.2589285714285714,0.6493257580943255,4.844739530132789
camelscl_9122002,7.105695119446831,7.230886439865862,1.0176184480637802,0.0,-0.0129288745463319,1.7157854497210288,0.0537339995892942,1.445672191528545,0.5816962146621946,4.027488151658768
camelscl_9123001,6.781575740981532,6.925308371551785,1.0211945771985804,0.0,-0.0131529715206039,1.719017487948041,0.0527072352659319,1.4206642066420665,0.5787528236018893,3.9732142857142856
camelscl_9126001,6.238207954000893,3.594033130262176,0.5761323054254919,0.0,0.2104573668486561,1.6114627966927844,0.0506537066192073,1.3503649635036497,0.5862139776849887,3.992540792540793
camelscl_9127001,5.663033746320688,3.717982065849794,0.6565353894042029,0.0,0.1556062695363026,1.640486186602783,0.0528441371757136,1.3379549393414212,0.5973714833321925,4.141907925961082
camelscl_9131001,6.668238756930552,4.126153740844694,0.6187771450979057,0.0,0.1896705752385797,1.6257965062826143,0.0493531384762817,1.3759541984732824,0.570059552330755,3.843101061375173
camelscl_9134001,6.43646108563208,3.72469984256279,0.5786875416488304,0.0,0.2150911610359827,1.5900224371829943,0.0501745499349715,1.3499079189686924,0.5709494147443357,3.870533642691415
camelscl_9135001,5.8896064070093,3.849510575672512,0.6536108374052225,0.0,0.1618136391292214,1.6337962392998264,0.0494900403860633,1.309782608695652,0.5800533917448149,4.006619385342789
camelscl_9400000,6.402024094736029,10.604348689164192,1.6564056198856645,0.0,-0.1998611875403236,1.699979104231938,0.0514066671230063,1.4090056285178236,0.5674584160449039,3.792314730100641
camelscl_9402001,6.178240810459237,9.332920117735634,1.5106112571617138,0.0,-0.162976156046536,1.712315269791736,0.0506537066192073,1.4230769230769231,0.5640358683003628,3.752276867030965
camelscl_9404001,6.581659251146485,6.735944965432239,1.0234417657308643,0.0,-0.0081724699905725,1.6983037994252106,0.0486686289273735,1.4051383399209487,0.5544527346156479,3.708791208791209
camelscl_9405001,7.448481073310929,3.875109863782583,0.5202550460479395,0.0,0.2660279604914664,1.5412367621428076,0.0459990416866315,1.3714285714285714,0.5376822506673968,3.623154981549816
camelscl_9412001,6.385519885002317,9.175667054555392,1.43694910043367,0.0,-0.1297933353569342,1.7342366169493753,0.0472996098295571,1.4306418219461698,0.5378876035320693,3.596338672768878
camelscl_9414001,6.501661304675124,8.904153603942778,1.3695197560568255,0.0,-0.1167397987129404,1.7268778965281668,0.0473680607844479,1.4416666666666669,0.5365870353891437,3.5876430205949656
camelscl_9416001,6.934415771099934,6.15938051885824,0.8882335184642732,0.0,0.0516965226815765,1.6931922135953728,0.0457252378670682,1.3830227743271222,0.5354918201108906,3.593477262287552
camelscl_9433001,5.427217468683667,4.021866657539906,0.7410550030005305,0.0,0.0930920338371908,1.715728801803845,0.0551030186871106,1.3261943986820428,0.5951126018207954,4.368844221105528
camelscl_9434001,5.733699089602246,3.79802313642275,0.6624036380476018,0.0,0.1367512589102032,1.6949116643758908,0.0533232938599493,1.3477508650519032,0.5896365254295297,4.307
camelscl_9436001,4.918479019782312,4.412658635087954,0.8971591862728439,0.0,0.0181915531609777,1.7267808861049414,0.0552399205968923,1.3164763458401303,0.6060647546033268,4.447011551983928
